{"0": {"train": {"loss": 8888.820692274305}, "test": {"loss": 8770.448419744318}}, "1": {"train": {"loss": 8757.890407986111}, "test": {"loss": 8601.8271484375}}, "2": {"train": {"loss": 8543.203432436343}, "test": {"loss": 8335.626198508522}}, "3": {"train": {"loss": 8131.918375651042}, "test": {"loss": 7780.448286576705}}, "4": {"train": {"loss": 7367.269124348958}, "test": {"loss": 6694.885009765625}}, "5": {"train": {"loss": 5793.813422309027}, "test": {"loss": 4571.42362837358}}, "6": {"train": {"loss": 3266.1423249421296}, "test": {"loss": 1904.0450051047585}}, "7": {"train": {"loss": 1161.1541793258102}, "test": {"loss": 566.3179626464844}}, "8": {"train": {"loss": 353.8656726413303}, "test": {"loss": 181.87052119861949}}, "9": {"train": {"loss": 133.47942882113986}, "test": {"loss": 88.81591328707609}}, "10": {"train": {"loss": 83.6821411980523}, "test": {"loss": 71.3322264064442}}, "11": {"train": {"loss": 70.94166822786684}, "test": {"loss": 62.65123341300271}}, "12": {"train": {"loss": 69.49549622005887}, "test": {"loss": 65.31471850655295}}, "13": {"train": {"loss": 67.53463759245696}, "test": {"loss": 66.62937753850764}}, "14": {"train": {"loss": 68.96270140895138}, "test": {"loss": 62.3110466003418}}, "15": {"train": {"loss": 66.42026643399839}, "test": {"loss": 64.23489813371138}}, "16": {"train": {"loss": 67.05788667113693}, "test": {"loss": 62.332993507385254}}, "17": {"train": {"loss": 67.24665048387315}, "test": {"loss": 62.405888384038754}}, "18": {"train": {"loss": 69.06932788425021}, "test": {"loss": 63.13371129469438}}, "19": {"train": {"loss": 67.17943894421613}, "test": {"loss": 61.57340010729703}}, "20": {"train": {"loss": 66.87608581119113}, "test": {"loss": 62.85095648332076}}, "21": {"train": {"loss": 66.64270386872468}, "test": {"loss": 61.861391891132705}}, "22": {"train": {"loss": 66.7540498662878}, "test": {"loss": 59.953179359436035}}, "23": {"train": {"loss": 63.706916349905505}, "test": {"loss": 62.57735746557062}}, "24": {"train": {"loss": 67.64855282394974}, "test": {"loss": 61.312814625826746}}}