{"0": {"train": {"loss": 8896.124565972223}, "test": {"loss": 8767.57754794034}}, "1": {"train": {"loss": 8756.280797887732}, "test": {"loss": 8605.813920454546}}, "2": {"train": {"loss": 8540.436396846066}, "test": {"loss": 8333.815229936079}}, "3": {"train": {"loss": 8154.221616391783}, "test": {"loss": 7804.90751509233}}, "4": {"train": {"loss": 7388.497459129051}, "test": {"loss": 6731.590021306818}}, "5": {"train": {"loss": 5887.271384910301}, "test": {"loss": 4704.133922230114}}, "6": {"train": {"loss": 3444.1418502242477}, "test": {"loss": 2110.902820933949}}, "7": {"train": {"loss": 1317.4044743290654}, "test": {"loss": 677.8470819646662}}, "8": {"train": {"loss": 424.70534261067706}, "test": {"loss": 221.29929559881037}}, "9": {"train": {"loss": 154.17632399664984}, "test": {"loss": 100.23824518377131}}, "10": {"train": {"loss": 89.85278482790346}, "test": {"loss": 69.20461134477095}}, "11": {"train": {"loss": 73.40123985431812}, "test": {"loss": 68.22388674996115}}, "12": {"train": {"loss": 68.92505769376402}, "test": {"loss": 63.47010170329701}}, "13": {"train": {"loss": 68.89405840414541}, "test": {"loss": 60.28300450064919}}, "14": {"train": {"loss": 67.42719385359023}, "test": {"loss": 61.9441217509183}}, "15": {"train": {"loss": 66.22772216796875}, "test": {"loss": 63.390601591630414}}, "16": {"train": {"loss": 66.26510927412245}, "test": {"loss": 63.20968506552956}}, "17": {"train": {"loss": 66.95988782246907}, "test": {"loss": 63.32633772763339}}, "18": {"train": {"loss": 68.63111803266737}, "test": {"loss": 60.85785267569802}}, "19": {"train": {"loss": 66.0267628563775}, "test": {"loss": 62.951599554582074}}, "20": {"train": {"loss": 65.9812751699377}, "test": {"loss": 62.06480607119474}}, "21": {"train": {"loss": 66.11538445508039}, "test": {"loss": 62.97878282720392}}, "22": {"train": {"loss": 66.21802662037037}, "test": {"loss": 64.12955782630227}}, "23": {"train": {"loss": 65.3752830116837}, "test": {"loss": 62.8598498431119}}, "24": {"train": {"loss": 66.19924854349208}, "test": {"loss": 61.78944344954057}}}